INSERT INTO USUARIO (ID, EMAIL, CONTRASENA, ROL) VALUES(1, 'admin@sigma.com', 'admin_pass','ADMIN');
INSERT INTO USUARIO (ID, EMAIL, CONTRASENA, ROL) VALUES(2, 'cliente1@correo.com', 'cliente1_pass', 'CLIENTE');
INSERT INTO USUARIO (ID, EMAIL, CONTRASENA, ROL) VALUES(3, 'cliente2@correo.com', 'cliente2_pass', 'CLIENTE');

INSERT INTO ADMIN (ID, NOMBRE) VALUES(1, 'Juan Perez');

INSERT INTO CLIENTE (ID, NOMBRE, FECHA_REGISTRO) VALUES(2, 'Ana Gomez', '2025-09-15');
INSERT INTO CLIENTE (ID, NOMBRE, FECHA_REGISTRO) VALUES(3, 'Carlos Rodriguez', '2025-09-15');

INSERT INTO SEDE (ID, CIUDAD) VALUES (1, 'Bogotá');
INSERT INTO SEDE (ID, CIUDAD) VALUES (2, 'Medellín');

INSERT INTO SALA (ID, NUMERO_SALA, CAPACIDAD, TIPO, SEDE_ID) VALUES(1, 101, 150, '2D', 1);
INSERT INTO SALA (ID, NUMERO_SALA, CAPACIDAD, TIPO, SEDE_ID) VALUES(2, 102, 100, '3D', 1);
INSERT INTO SALA (ID, NUMERO_SALA, CAPACIDAD, TIPO, SEDE_ID) VALUES(3, 103, 80,  'VIP', 2);

INSERT INTO PELICULA (ID, TITULO, GENERO, CLASIFICACION, DURACION, DIRECTOR, REPARTO, TRAILER, SINOPSIS, ESTADO, POSTER_URL, ESTADO_BOOL) VALUES
(1, 'Dune: Part Two', 'Ciencia ficción', 'PG-13', 166, 'Denis Villeneuve', 'Timothée Chalamet, Zendaya',
 'https://www.youtube.com/watch?v=Way9Dexny3w',
 'Sigue el viaje mítico de Paul Atreides mientras se une a Chani y los Fremen en una guerra de venganza contra los conspiradores que destruyeron a su familia.',
 'En Cartelera', 'https://cdn.ejemplo.com/posters/dune2.jpg', TRUE);

INSERT INTO PELICULA (ID, TITULO, GENERO, CLASIFICACION, DURACION, DIRECTOR, REPARTO, TRAILER, SINOPSIS, ESTADO, POSTER_URL, ESTADO_BOOL) VALUES
(2, 'Joker', 'Thriller psicológico', 'R', 122, 'Todd Phillips', 'Joaquin Phoenix, Robert De Niro',
 'https://www.youtube.com/watch?v=zL2Q9C0cK5s',
 'Un comediante fracasado desciende a la locura y se convierte en una figura icónica del crimen.',
 'En Cartelera', 'https://cdn.ejemplo.com/posters/joker.jpg', TRUE);

INSERT INTO PELICULA (ID, TITULO, GENERO, CLASIFICACION, DURACION, DIRECTOR, REPARTO, TRAILER, SINOPSIS, ESTADO, POSTER_URL, ESTADO_BOOL) VALUES
(3, 'Godzilla x Kong: The New Empire', 'Acción, Ciencia ficción', 'PG-13', 115, 'Adam Wingard', 'Rebecca Hall, Brian Tyree Henry',
 'https://www.youtube.com/watch?v=qqj12z9f48E',
 'Kong y Godzilla se unen para luchar contra una amenaza colosal desconocida que se esconde en nuestro mundo.',
 'Próximamente', 'https://cdn.ejemplo.com/posters/gxk.jpg', FALSE);


INSERT INTO PELICULA_TRAILER (ID, PELICULA_ID, URL) VALUES (1, 1, 'https://www.youtube.com/watch?v=Way9Dexny3w');
INSERT INTO PELICULA_TRAILER (ID, PELICULA_ID, URL) VALUES (2, 1, 'https://www.youtube.com/watch?v=OtroTrailerDune');
INSERT INTO PELICULA_TRAILER (ID, PELICULA_ID, URL) VALUES (3, 2, 'https://www.youtube.com/watch?v=zL2Q9C0cK5s');

INSERT INTO TARIFA (ID, NOMBRE, PRECIO_BASE, VIGENCIA) VALUES(1, 'Entrada General 2D', 15.00, '2025-01-01');
INSERT INTO TARIFA (ID, NOMBRE, PRECIO_BASE, VIGENCIA) VALUES(2, 'Entrada General 3D', 18.00, '2025-01-01');
INSERT INTO TARIFA (ID, NOMBRE, PRECIO_BASE, VIGENCIA) VALUES(3, 'Entrada VIP',       25.00, '2025-01-01');

INSERT INTO PRODUCTO (ID, NOMBRE, DESCRIPCION, TIPO, PRECIO_LISTA, ESTADO, ESTADO_BOOL) VALUES(1, 'Combo Popcorn', 'Popcorn grande y refresco grande', 'COMIDA', 10.50, 'Disponible', TRUE);
INSERT INTO PRODUCTO (ID, NOMBRE, DESCRIPCION, TIPO, PRECIO_LISTA, ESTADO, ESTADO_BOOL) VALUES(2, 'Hot Dog',       'Hot Dog Clásico con papas',        'COMIDA',  8.75, 'Disponible', TRUE);
INSERT INTO PRODUCTO (ID, NOMBRE, DESCRIPCION, TIPO, PRECIO_LISTA, ESTADO, ESTADO_BOOL) VALUES(3, 'Nachos',        'Nachos con queso y jalapeños',     'COMIDA',  9.25, 'Disponible', TRUE);
INSERT INTO PRODUCTO (ID, NOMBRE, DESCRIPCION, TIPO, PRECIO_LISTA, ESTADO, ESTADO_BOOL) VALUES(4, 'Agua',          'Botella de agua (500ml)',          'BEBIDA',  3.00, 'Disponible', TRUE);

INSERT INTO FUNCION (ID, FECHA, HORA, ESTADO, DURACION, ESTADO_BOOL, PELICULA_ID, SALA_ID) VALUES(1, '2025-09-15', '18:00', 'Activa', TIME '02:46:00', TRUE, 1, 1);
INSERT INTO FUNCION (ID, FECHA, HORA, ESTADO, DURACION, ESTADO_BOOL, PELICULA_ID, SALA_ID) VALUES(2, '2025-09-15', '20:30', 'Activa', TIME '02:02:00', TRUE, 2, 2);
INSERT INTO FUNCION (ID, FECHA, HORA, ESTADO, DURACION, ESTADO_BOOL, PELICULA_ID, SALA_ID) VALUES(3, '2025-09-16', '15:00', 'Activa', TIME '01:55:00', TRUE, 1, 3);

INSERT INTO SILLA (ID, FILA, NUMERO, TIPO, ESTADO_BOOL, SALA_ID) VALUES(1, 'A', 1, 'Reclinable', TRUE, 1);
INSERT INTO SILLA (ID, FILA, NUMERO, TIPO, ESTADO_BOOL, SALA_ID) VALUES(2, 'A', 2, 'Reclinable', TRUE, 1);
INSERT INTO SILLA (ID, FILA, NUMERO, TIPO, ESTADO_BOOL, SALA_ID) VALUES(3, 'B', 1, 'Reclinable', TRUE, 1);
INSERT INTO SILLA (ID, FILA, NUMERO, TIPO, ESTADO_BOOL, SALA_ID) VALUES(4, 'A', 1, 'Estandar',   TRUE, 2);
INSERT INTO SILLA (ID, FILA, NUMERO, TIPO, ESTADO_BOOL, SALA_ID) VALUES(5, 'A', 2, 'Estandar',   TRUE, 2);
INSERT INTO SILLA (ID, FILA, NUMERO, TIPO, ESTADO_BOOL, SALA_ID) VALUES(6, 'B', 1, 'Estandar',   TRUE, 3);

INSERT INTO COMPRA (ID, TOTAL, FECHA, CLIENTE_ID) VALUES(1, 49.50, '2025-09-15', 2);

INSERT INTO PAGO (ID, METODO, MONTO, ESTADO, ESTADO_BOOL, FECHA, COMPRA_ID) VALUES(1, 'Tarjeta de crédito', 49.50, 'Completado', TRUE, '2025-09-15', 1);

INSERT INTO RESERVA (ID, CODIGO, FECHA_VENCIMIENTO, ESTADO, ESTADO_BOOL, PRECIO_FINAL, CLIENTE_ID, FUNCION_ID) VALUES(1, 'RSV-001', '2025-09-15', 'Pendiente', TRUE, 30.00, 2, 1);

INSERT INTO BOLETO (ID, CODIGO, ESTADO, ESTADO_BOOL, PRECIO_FINAL, COMPRA_ID, FUNCION_ID) VALUES(1, 'BOL-001', 'Usado', FALSE, 15.00, 1, 1);
INSERT INTO BOLETO (ID, CODIGO, ESTADO, ESTADO_BOOL, PRECIO_FINAL, COMPRA_ID, FUNCION_ID) VALUES(2, 'BOL-002', 'Usado', FALSE, 15.00, 1, 1);

--Relaciones
INSERT INTO RESERVA_SILLA (RESERVA_ID, SILLA_ID) VALUES (1, 2);
INSERT INTO RESERVA_SILLA (RESERVA_ID, SILLA_ID) VALUES (1, 3);

INSERT INTO BOLETO_SILLA (BOLETO_ID, SILLA_ID) VALUES (1, 1);
INSERT INTO BOLETO_SILLA (BOLETO_ID, SILLA_ID) VALUES (2, 4);

INSERT INTO COMPRA_PRODUCTO (COMPRA_ID, PRODUCTO_ID, CANTIDAD, PRECIO_UNITARIO, SUBTOTAL) VALUES(1, 1, 1, 10.50, 10.50);
INSERT INTO COMPRA_PRODUCTO (COMPRA_ID, PRODUCTO_ID, CANTIDAD, PRECIO_UNITARIO, SUBTOTAL) VALUES(1, 4, 3,  3.00,  9.00);

INSERT INTO SIGMA_CARD (ID, SALDO, ESTADO) VALUES (2, 50.00, TRUE);
INSERT INTO SIGMA_CARD (ID, SALDO, ESTADO) VALUES (3,  0.00, TRUE);
